AARADHYA SHRIVASTAVA - aaradhyashrivastava6101@eduquest.com - Aaradhyashrivastava6a@6101
AARAV AGRAWAL - aaravagrawal6102@eduquest.com - Aaravagrawal6a@6102
AAROHI CHONDKE - aarohichondke6103@eduquest.com - Aarohichondke6a@6103
AAYANSH BENWAL - aayanshbenwal6104@eduquest.com - Aayanshbenwal6a@6104
AAYUSHI BHAVIK CHANDARANA - aayushibhavikchandarana6105@eduquest.com - Aayushibhavikchandarana6a@6105
ALI AAMIR MUNSHI - aliaamirmunshi6106@eduquest.com - Aliaamirmunshi6a@6106
ANJANESH DUBEY - anjaneshdubey6107@eduquest.com - Anjaneshdubey6a@6107
ARJIT TIWARI - arjittiwari6108@eduquest.com - Arjittiwari6a@6108
ARJUN TAMBE - arjuntambe6109@eduquest.com - Arjuntambe6a@6109
ARNAV JAIN - arnavjain6110@eduquest.com - Arnavjain6a@6110
ARSH CHAWLA - arshchawla6111@eduquest.com - Arshchawla6a@6111
AVIK RAJORE - avikrajore6112@eduquest.com - Avikrajore6a@6112
AYAANA RAGHUWANSHI - ayaanaraghuwanshi6113@eduquest.com - Ayaanaraghuwanshi6a@6113
AYAT MALIK MALIK - ayatmalikmalik6114@eduquest.com - Ayatmalikmalik6a@6114
AYSHA SAJID - ayshasajid6115@eduquest.com - Ayshasajid6a@6115
CHAITYA KASLIWAL - chaityakasliwal6116@eduquest.com - Chaityakasliwal6a@6116
DARSHIL SHARMA - darshilsharma6117@eduquest.com - Darshilsharma6a@6117
DEMIRA KESWANI - demirakeswani6118@eduquest.com - Demirakeswani6a@6118
DHAIRYA INDORIA - dhairyaindoria6119@eduquest.com - Dhairyaindoria6a@6119
DIVISHA JAIN - divishajain6120@eduquest.com - Divishajain6a@6120
DIVYANSHA AGRAWAL - divyanshaagrawal6121@eduquest.com - Divyanshaagrawal6a@6121
GARVIT MITTAL - garvitmittal6122@eduquest.com - Garvitmittal6a@6122
HIMANSHI SINGH - himanshisingh6123@eduquest.com - Himanshisingh6a@6123
ISHAAN AWASTHI - ishaanawasthi6124@eduquest.com - Ishaanawasthi6a@6124
JAYATI BHANDARI - jayatibhandari6125@eduquest.com - Jayatibhandari6a@6125
JIYAN DURGANI - jiyandurgani6126@eduquest.com - Jiyandurgani6a@6126
KAIZEN SHAKALYA - kaizenshakalya6127@eduquest.com - Kaizenshakalya6a@6127
KARANADITYA SINGH RATHORE - karanadityasinghrathore6128@eduquest.com - Karanadityasinghrathore6a@6128
NAIVEDYA SAHU - naivedyasahu6129@eduquest.com - Naivedyasahu6a@6129
OJASV ABHISHEK PALIWAL - ojasvabhishekpaliwal6130@eduquest.com - Ojasvabhishekpaliwal6a@6130
PARIDHI JAIN - paridhijain6131@eduquest.com - Paridhijain6a@6131
PRANSHI MEHTA - pranshimehta6132@eduquest.com - Pranshimehta6a@6132
RIYANSHI KHETAWAT - riyanshikhetawat6133@eduquest.com - Riyanshikhetawat6a@6133
SAAVI NEMANI - saavinemani6134@eduquest.com - Saavinemani6a@6134
SAMARTH SIKKA - samarthsikka6135@eduquest.com - Samarthsikka6a@6135
SHIVAANSH JOSHI - shivaanshjoshi6136@eduquest.com - Shivaanshjoshi6a@6136
SHIVANSH DWIVEDI - shivanshdwivedi6137@eduquest.com - Shivanshdwivedi6a@6137
SIDDHI NAGAR - siddhinagar6138@eduquest.com - Siddhinagar6a@6138
VIDIT HUNDIA - vidithundia6139@eduquest.com - Vidithundia6a@6139
VIHAAN MUNOT - vihaanmunot6140@eduquest.com - Vihaanmunot6a@6140
VIRALI TONKE - viralitonke6141@eduquest.com - Viralitonke6a@6141
AADHYA JAIN - aadhyajain6201@eduquest.com - Aadhyajain6b@6201
AARNA DWIVEDI - aarnadwivedi6202@eduquest.com - Aarnadwivedi6b@6202
ABAAN PATEL - abaanpatel6203@eduquest.com - Abaanpatel6b@6203
ABHYUDAY SINGH TOMAR - abhyudaysinghtomar6204@eduquest.com - Abhyudaysinghtomar6b@6204
AVIRAJ JETHWANI - avirajjethwani6205@eduquest.com - Avirajjethwani6b@6205
DAKSHAM JAIN - dakshamjain6206@eduquest.com - Dakshamjain6b@6206
DEVANSH BIRTHARE - devanshbirthare6207@eduquest.com - Devanshbirthare6b@6207
GARVIT SHROFF - garvitshroff6208@eduquest.com - Garvitshroff6b@6208
HAMEL KHANDELWAL - hamelkhandelwal6209@eduquest.com - Hamelkhandelwal6b@6209
HRADAY AGRAWAL - hradayagrawal6210@eduquest.com - Hradayagrawal6b@6210
HRIDAAN KHANNA - hridaankhanna6211@eduquest.com - Hridaankhanna6b@6211
MAANYA BHAGWAT - maanyabhagwat6212@eduquest.com - Maanyabhagwat6b@6212
MISHEETA AGRAWAL - misheetaagrawal6213@eduquest.com - Misheetaagrawal6b@6213
MOHIT IJARDAR - mohitijardar6214@eduquest.com - Mohitijardar6b@6214
NAITIK BANSHIWAL - naitikbanshiwal6215@eduquest.com - Naitikbanshiwal6b@6215
NAITRIKA SINGH VERMA - naitrikasinghverma6216@eduquest.com - Naitrikasinghverma6b@6216
NAVYA JAIN - navyajain6217@eduquest.com - Navyajain6b@6217
NEHIL JAIN - nehiljain6218@eduquest.com - Nehiljain6b@6218
NISHKARSH SIKARWAR - nishkarshsikarwar6219@eduquest.com - Nishkarshsikarwar6b@6219
PARTH TANDON - parthtandon6220@eduquest.com - Parthtandon6b@6220
PRADNYA JAIN - pradnyajain6221@eduquest.com - Pradnyajain6b@6221
PRIYAL KASAT - priyalkasat6222@eduquest.com - Priyalkasat6b@6222
PURVARTH SINGH TOMAR - purvarthsinghtomar6223@eduquest.com - Purvarthsinghtomar6b@6223
SAMAR BHAWNANI - samarbhawnani6224@eduquest.com - Samarbhawnani6b@6224
SANIDHYA GUPTA - sanidhyagupta6225@eduquest.com - Sanidhyagupta6b@6225
SHIVAANSHI JOSHI - shivaanshijoshi6226@eduquest.com - Shivaanshijoshi6b@6226
VIVAAN KUMAR JHA - vivaankumarjha6227@eduquest.com - Vivaankumarjha6b@6227
YOGEETA SONI - yogeetasoni6228@eduquest.com - Yogeetasoni6b@6228
AADARSH PANJWANI - aadarshpanjwani6301@eduquest.com - Aadarshpanjwani6c@6301
AADHYA JAIN - aadhyajain6302@eduquest.com - Aadhyajain6c@6302
AADISH BATRA - aadishbatra6303@eduquest.com - Aadishbatra6c@6303
AARADHAYA NARANG - aaradhayanarang6304@eduquest.com - Aaradhayanarang6c@6304
AARAV CHONDKE - aaravchondke6305@eduquest.com - Aaravchondke6c@6305
AARAV SOLANKI - aaravsolanki6306@eduquest.com - Aaravsolanki6c@6306
AARYA PANDEY - aaryapandey6307@eduquest.com - Aaryapandey6c@6307
AISHANI GOYAL - aishanigoyal6308@eduquest.com - Aishanigoyal6c@6308
ANANT JAIN - anantjain6309@eduquest.com - Anantjain6c@6309
ANAYA MAHESHWARI MAHESHWARI - anayamaheshwarimaheshwari6310@eduquest.com - Anayamaheshwarimaheshwari6c@6310
ANURA JAIN - anurajain6311@eduquest.com - Anurajain6c@6311
AVYA PORWAL - avyaporwal6312@eduquest.com - Avyaporwal6c@6312
AVYUKT SUNEJA - avyuktsuneja6313@eduquest.com - Avyuktsuneja6c@6313
DARSHALI KATARIYA - darshalikatariya6314@eduquest.com - Darshalikatariya6c@6314
DIVA BOBRIYA - divabobriya6315@eduquest.com - Divabobriya6c@6315
GAURI  - gauri6316@eduquest.com - Gauri6c@6316
HARLEEN RIJHWANI - harleenrijhwani6317@eduquest.com - Harleenrijhwani6c@6317
HRIDAY MANDOWRA - hridaymandowra6318@eduquest.com - Hridaymandowra6c@6318
IVANA KHURANA - ivanakhurana6319@eduquest.com - Ivanakhurana6c@6319
JANAK GOYAL - janakgoyal6320@eduquest.com - Janakgoyal6c@6320
NISHTHA MANGWANI - nishthamangwani6321@eduquest.com - Nishthamangwani6c@6321
SAMAR KHATRI - samarkhatri6322@eduquest.com - Samarkhatri6c@6322
SAMARTH SHARMA - samarthsharma6323@eduquest.com - Samarthsharma6c@6323
SHRUNAL SUKHWANI - shrunalsukhwani6324@eduquest.com - Shrunalsukhwani6c@6324
VAANI SOHANI - vaanisohani6325@eduquest.com - Vaanisohani6c@6325
YACHNA RATHORE - yachnarathore6326@eduquest.com - Yachnarathore6c@6326
ZAYAN SIDDIQUE ANSARI - zayansiddiqueansari6327@eduquest.com - Zayansiddiqueansari6c@6327
AARAV AGRAWAL - aaravagrawal6401@eduquest.com - Aaravagrawal6d@6401
AARNA JHA - aarnajha6402@eduquest.com - Aarnajha6d@6402
AARYA MEHTA - aaryamehta6403@eduquest.com - Aaryamehta6d@6403
ANAYA SETHIYA - anayasethiya6404@eduquest.com - Anayasethiya6d@6404
ANIRUDH RAWAL - anirudhrawal6405@eduquest.com - Anirudhrawal6d@6405
ARSH SHARMA - arshsharma6406@eduquest.com - Arshsharma6d@6406
ATHARV GOYAL - atharvgoyal6407@eduquest.com - Atharvgoyal6d@6407
DHARMIK PATIDAR - dharmikpatidar6408@eduquest.com - Dharmikpatidar6d@6408
DIVYANSH PATHAK - divyanshpathak6409@eduquest.com - Divyanshpathak6d@6409
DOORVISHA HARBHAJANKA - doorvishaharbhajanka6410@eduquest.com - Doorvishaharbhajanka6d@6410
GARV GATHORIA - garvgathoria6411@eduquest.com - Garvgathoria6d@6411
GRANTH GANGWAL - granthgangwal6412@eduquest.com - Granthgangwal6d@6412
HRIDHANSH AGRAWAL - hridhanshagrawal6413@eduquest.com - Hridhanshagrawal6d@6413
JAINISH AJMERA - jainishajmera6414@eduquest.com - Jainishajmera6d@6414
JAY AGRAWAL - jayagrawal6415@eduquest.com - Jayagrawal6d@6415
JINAY MEHTA - jinaymehta6416@eduquest.com - Jinaymehta6d@6416
KAIVALYA AGRAWAL - kaivalyaagrawal6417@eduquest.com - Kaivalyaagrawal6d@6417
LAKSHIT RAGHUVANSHI - lakshitraghuvanshi6418@eduquest.com - Lakshitraghuvanshi6d@6418
MAHIMN SHRIWAS - mahimnshriwas6419@eduquest.com - Mahimnshriwas6d@6419
PAARSH LADHA - paarshladha6420@eduquest.com - Paarshladha6d@6420
PRANJAL HEBALI - pranjalhebali6421@eduquest.com - Pranjalhebali6d@6421
PRIYANSHU CHANDWANI - priyanshuchandwani6422@eduquest.com - Priyanshuchandwani6d@6422
REYANSH MARU - reyanshmaru6423@eduquest.com - Reyanshmaru6d@6423
SAANVI MAHESHWARI - saanvimaheshwari6424@eduquest.com - Saanvimaheshwari6d@6424
SAAVI AGRAWAL - saaviagrawal6425@eduquest.com - Saaviagrawal6d@6425
SAMAR OJHA - samarojha6426@eduquest.com - Samarojha6d@6426
SAMAYRAH KINGRANI - samayrahkingrani6427@eduquest.com - Samayrahkingrani6d@6427
SHASHWAT TRIPATHI - shashwattripathi6428@eduquest.com - Shashwattripathi6d@6428
SHOURYA AGNIHOTRI - shouryaagnihotri6429@eduquest.com - Shouryaagnihotri6d@6429
SURAMYA PANDEY - suramyapandey6430@eduquest.com - Suramyapandey6d@6430
VEER LOHIA - veerlohia6431@eduquest.com - Veerlohia6d@6431
VISHANT SHARMA - vishantsharma6432@eduquest.com - Vishantsharma6d@6432
YASH SINGH THAKUR - yashsinghthakur6433@eduquest.com - Yashsinghthakur6d@6433
AADHYA GADODIYA - aadhyagadodiya7101@eduquest.com - Aadhyagadodiya7a@7101
AADHYA JAISWAL - aadhyajaiswal7102@eduquest.com - Aadhyajaiswal7a@7102
AARNIK JINDAL - aarnikjindal7103@eduquest.com - Aarnikjindal7a@7103
AKSHITI GARG - akshitigarg7104@eduquest.com - Akshitigarg7a@7104
AVEER SARAF - aveersaraf7105@eduquest.com - Aveersaraf7a@7105
BIRNAV BHATIA - birnavbhatia7106@eduquest.com - Birnavbhatia7a@7106
DHAIRYA GARG - dhairyagarg7107@eduquest.com - Dhairyagarg7a@7107
DRUHI RATHI - druhirathi7108@eduquest.com - Druhirathi7a@7108
GAURANGI SHARMA - gaurangisharma7109@eduquest.com - Gaurangisharma7a@7109
HIMANSHI THAKUR - himanshithakur7110@eduquest.com - Himanshithakur7a@7110
HITANSHI DUBEY - hitanshidubey7111@eduquest.com - Hitanshidubey7a@7111
KANAV SOLANKI - kanavsolanki7112@eduquest.com - Kanavsolanki7a@7112
KHUSH GULABWANI - khushgulabwani7113@eduquest.com - Khushgulabwani7a@7113
MADHURA BAKSHI - madhurabakshi7114@eduquest.com - Madhurabakshi7a@7114
MAHI MEHTA - mahimehta7115@eduquest.com - Mahimehta7a@7115
NAVYA SAXENA - navyasaxena7116@eduquest.com - Navyasaxena7a@7116
NILANJANA BUCHDE - nilanjanabuchde7117@eduquest.com - Nilanjanabuchde7a@7117
PARTH NEEMA - parthneema7118@eduquest.com - Parthneema7a@7118
PRAKUL THAKUR - prakulthakur7119@eduquest.com - Prakulthakur7a@7119
PRANEETI SINGH - praneetisingh7120@eduquest.com - Praneetisingh7a@7120
RAJNANDANI SINGH - rajnandanisingh7121@eduquest.com - Rajnandanisingh7a@7121
RUDRA PRATAP SINGH - rudrapratapsingh7122@eduquest.com - Rudrapratapsingh7a@7122
RUDRANSH SHARMA - rudranshsharma7123@eduquest.com - Rudranshsharma7a@7123
SAMAIRRA BALDWA - samairrabaldwa7124@eduquest.com - Samairrabaldwa7a@7124
SAMAYRA DABKARA - samayradabkara7125@eduquest.com - Samayradabkara7a@7125
SAMRTH GOENKA - samrthgoenka7126@eduquest.com - Samrthgoenka7a@7126
SUHANI GUPTA - suhanigupta7127@eduquest.com - Suhanigupta7a@7127
TANVI GOYAL - tanvigoyal7128@eduquest.com - Tanvigoyal7a@7128
TIANA YADAV - tianayadav7129@eduquest.com - Tianayadav7a@7129
VIHAAN NEEMA - vihaanneema7130@eduquest.com - Vihaanneema7a@7130
YANA CHAURASIA - yanachaurasia7131@eduquest.com - Yanachaurasia7a@7131
AARADHYA SONI - aaradhyasoni7201@eduquest.com - Aaradhyasoni7b@7201
AARADHYA TIWARI - aaradhyatiwari7202@eduquest.com - Aaradhyatiwari7b@7202
AARAV GUPTA - aaravgupta7203@eduquest.com - Aaravgupta7b@7203
AARNA SONI - aarnasoni7204@eduquest.com - Aarnasoni7b@7204
AARYA JAINN - aaryajainn7205@eduquest.com - Aaryajainn7b@7205
AAYANSH MAHAJAN - aayanshmahajan7206@eduquest.com - Aayanshmahajan7b@7206
AMRITA KANADI - amritakanadi7207@eduquest.com - Amritakanadi7b@7207
ANANYA AGRAWAL - ananyaagrawal7208@eduquest.com - Ananyaagrawal7b@7208
ANAY JAISWAL - anayjaiswal7209@eduquest.com - Anayjaiswal7b@7209
ANAYRA YADAV - anayrayadav7210@eduquest.com - Anayrayadav7b@7210
ANVIT GOYAL - anvitgoyal7211@eduquest.com - Anvitgoyal7b@7211
ARINJAY JAIN - arinjayjain7212@eduquest.com - Arinjayjain7b@7212
CHITRANSHI AHIR - chitranshiahir7213@eduquest.com - Chitranshiahir7b@7213
DEVAANSH SOLANKI - devaanshsolanki7214@eduquest.com - Devaanshsolanki7b@7214
DIVA KUSUMAKAR - divakusumakar7215@eduquest.com - Divakusumakar7b@7215
HARSHI AGRAWAL - harshiagrawal7216@eduquest.com - Harshiagrawal7b@7216
HITAKSHI RATHI - hitakshirathi7217@eduquest.com - Hitakshirathi7b@7217
KAVYANSH VERMA - kavyanshverma7218@eduquest.com - Kavyanshverma7b@7218
MAYRA VIG - mayravig7219@eduquest.com - Mayravig7b@7219
MIRRA TRIVEDI - mirratrivedi7220@eduquest.com - Mirratrivedi7b@7220
MYRA SINGH - myrasingh7221@eduquest.com - Myrasingh7b@7221
PARTH RAGHUWANSHI - parthraghuwanshi7222@eduquest.com - Parthraghuwanshi7b@7222
PRIYAL AGRAWAL - priyalagrawal7223@eduquest.com - Priyalagrawal7b@7223
RAIHAN RAHMAN RAHMAN - raihanrahmanrahman7224@eduquest.com - Raihanrahmanrahman7b@7224
SAKSHAM BANSAL - sakshambansal7225@eduquest.com - Sakshambansal7b@7225
SAMIKSHA SUKHEJA - samikshasukheja7226@eduquest.com - Samikshasukheja7b@7226
SATVIK PANDEY - satvikpandey7227@eduquest.com - Satvikpandey7b@7227
SHANAYA JAIN - shanayajain7228@eduquest.com - Shanayajain7b@7228
SHOURYA SINGH SENGAR - shouryasinghsengar7229@eduquest.com - Shouryasinghsengar7b@7229
VAIBHAVI JAIN - vaibhavijain7230@eduquest.com - Vaibhavijain7b@7230
VIDUSHI PATEL - vidushipatel7231@eduquest.com - Vidushipatel7b@7231
AARAV VYAS - aaravvyas7301@eduquest.com - Aaravvyas7c@7301
ABHIGYAN BHARGAVA - abhigyanbhargava7302@eduquest.com - Abhigyanbhargava7c@7302
AKSH GEHLOT - akshgehlot7303@eduquest.com - Akshgehlot7c@7303
ALINA PAGARIA - alinapagaria7304@eduquest.com - Alinapagaria7c@7304
ANAYSHA PARWAL - anayshaparwal7305@eduquest.com - Anayshaparwal7c@7305
ANVI SIKARWAR - anvisikarwar7306@eduquest.com - Anvisikarwar7c@7306
ARADHYA SHARMA - aradhyasharma7307@eduquest.com - Aradhyasharma7c@7307
ARHA PORWAL - arhaporwal7308@eduquest.com - Arhaporwal7c@7308
ARJUN SHARMA - arjunsharma7309@eduquest.com - Arjunsharma7c@7309
ARSSH RATHORE - arsshrathore7310@eduquest.com - Arsshrathore7c@7310
DIVYANSHI CHATURVEDI - divyanshichaturvedi7311@eduquest.com - Divyanshichaturvedi7c@7311
FATEMA TAYYEBI - fatematayyebi7312@eduquest.com - Fatematayyebi7c@7312
GRANTH AGRAWAL - granthagrawal7313@eduquest.com - Granthagrawal7c@7313
KASHVI PAMNANI - kashvipamnani7314@eduquest.com - Kashvipamnani7c@7314
MANYA AWASTHEE - manyaawasthee7315@eduquest.com - Manyaawasthee7c@7315
NEVAAN KHURANA - nevaankhurana7316@eduquest.com - Nevaankhurana7c@7316
NIPUN JAIN - nipunjain7317@eduquest.com - Nipunjain7c@7317
PRAJIN MANTRI - prajinmantri7318@eduquest.com - Prajinmantri7c@7318
RAJDEEP SINGH SEHMBEY - rajdeepsinghsehmbey7319@eduquest.com - Rajdeepsinghsehmbey7c@7319
RISHIMA SAXENA - rishimasaxena7320@eduquest.com - Rishimasaxena7c@7320
RONAK GUPTA - ronakgupta7321@eduquest.com - Ronakgupta7c@7321
SHIVAAY SONI - shivaaysoni7322@eduquest.com - Shivaaysoni7c@7322
SHREYA KEDAR - shreyakedar7323@eduquest.com - Shreyakedar7c@7323
SRISHA DUGAYA - srishadugaya7324@eduquest.com - Srishadugaya7c@7324
VYANA GUPTA - vyanagupta7325@eduquest.com - Vyanagupta7c@7325
AARADHYA GOLWALKAR - aaradhyagolwalkar7401@eduquest.com - Aaradhyagolwalkar7d@7401
AARAV JAIN - aaravjain7402@eduquest.com - Aaravjain7d@7402
AASHITA TIWARI - aashitatiwari7403@eduquest.com - Aashitatiwari7d@7403
ADITYA RAJ CHOUHAN - adityarajchouhan7404@eduquest.com - Adityarajchouhan7d@7404
ADVIK DWIVEDI - advikdwivedi7405@eduquest.com - Advikdwivedi7d@7405
ARADHYA AGRAWAL - aradhyaagrawal7406@eduquest.com - Aradhyaagrawal7d@7406
ARYADITYA SINGH BHADAURIA - aryadityasinghbhadauria7407@eduquest.com - Aryadityasinghbhadauria7d@7407
ASAD PATEL - asadpatel7408@eduquest.com - Asadpatel7d@7408
DEVYANI KISHORE KISHORE - devyanikishorekishore7409@eduquest.com - Devyanikishorekishore7d@7409
DIVA KHATRI - divakhatri7410@eduquest.com - Divakhatri7d@7410
HITARTH CHOUDHARY - hitarthchoudhary7411@eduquest.com - Hitarthchoudhary7d@7411
KRITI SOLANKI - kritisolanki7412@eduquest.com - Kritisolanki7d@7412
MUSTAKEEM PATEL - mustakeempatel7413@eduquest.com - Mustakeempatel7d@7413
NISHCHAY SINGH PAWAR - nishchaysinghpawar7414@eduquest.com - Nishchaysinghpawar7d@7414
PARINIDHI RASIYA - parinidhirasiya7415@eduquest.com - Parinidhirasiya7d@7415
PRATYUSH RAMLANI - pratyushramlani7416@eduquest.com - Pratyushramlani7d@7416
RENESH JAIN - reneshjain7417@eduquest.com - Reneshjain7d@7417
SOUMYA RAJORE - soumyarajore7418@eduquest.com - Soumyarajore7d@7418
STUTI AGRAWAL - stutiagrawal7419@eduquest.com - Stutiagrawal7d@7419
SURYANSH PATIDAR - suryanshpatidar7420@eduquest.com - Suryanshpatidar7d@7420
SWARA DUNGARWAL - swaradungarwal7421@eduquest.com - Swaradungarwal7d@7421
VIHAAN CHHAJLANI - vihaanchhajlani7422@eduquest.com - Vihaanchhajlani7d@7422
YATIKA AGRAWAL - yatikaagrawal7423@eduquest.com - Yatikaagrawal7d@7423
AARNA BANSAL - aarnabansal8101@eduquest.com - Aarnabansal8a@8101
AARNA SAHU - aarnasahu8102@eduquest.com - Aarnasahu8a@8102
ANANYA NAIK NAIK - ananyanaiknaik8103@eduquest.com - Ananyanaiknaik8a@8103
ANISHKA SHAH - anishkashah8104@eduquest.com - Anishkashah8a@8104
ANSH KHANDELWAL - anshkhandelwal8105@eduquest.com - Anshkhandelwal8a@8105
ARADHYA VYAS - aradhyavyas8106@eduquest.com - Aradhyavyas8a@8106
AYAANSH AGRAWAL - ayaanshagrawal8107@eduquest.com - Ayaanshagrawal8a@8107
DAKSH TRIVEDI - dakshtrivedi8108@eduquest.com - Dakshtrivedi8a@8108
DARSH SHRIVASTAVA - darshshrivastava8109@eduquest.com - Darshshrivastava8a@8109
HARSHIT SAHU - harshitsahu8110@eduquest.com - Harshitsahu8a@8110
ISHAAN AGRAWAL - ishaanagrawal8111@eduquest.com - Ishaanagrawal8a@8111
KAVYA GADIA - kavyagadia8112@eduquest.com - Kavyagadia8a@8112
KRISHA JAIN - krishajain8113@eduquest.com - Krishajain8a@8113
LAKSHYA JAIN - lakshyajain8114@eduquest.com - Lakshyajain8a@8114
MAAN LOHIA - maanlohia8115@eduquest.com - Maanlohia8a@8115
MITANSH RATHI - mitanshrathi8116@eduquest.com - Mitanshrathi8a@8116
NEIL PHULWANI - neilphulwani8117@eduquest.com - Neilphulwani8a@8117
NISHI MAHESHWARI - nishimaheshwari8118@eduquest.com - Nishimaheshwari8a@8118
NYASA JAIN - nyasajain8119@eduquest.com - Nyasajain8a@8119
OJASVI RAJAWAT - ojasvirajawat8120@eduquest.com - Ojasvirajawat8a@8120
OM SONI - omsoni8121@eduquest.com - Omsoni8a@8121
PRIYAKANKSHA DEORA - priyakankshadeora8122@eduquest.com - Priyakankshadeora8a@8122
PRIYANSHI CHAURASIA - priyanshichaurasia8123@eduquest.com - Priyanshichaurasia8a@8123
RAGHAV GOYAL - raghavgoyal8124@eduquest.com - Raghavgoyal8a@8124
SHAURYA SHARMA - shauryasharma8125@eduquest.com - Shauryasharma8a@8125
SHUBHJOT SINGH SALUJA - shubhjotsinghsaluja8126@eduquest.com - Shubhjotsinghsaluja8a@8126
VANYA GUPTA - vanyagupta8127@eduquest.com - Vanyagupta8a@8127
VEDIKA VERMA - vedikaverma8128@eduquest.com - Vedikaverma8a@8128
VEERANGANA SUD - veeranganasud8129@eduquest.com - Veeranganasud8a@8129
AARAV CHOUHAN - aaravchouhan8201@eduquest.com - Aaravchouhan8b@8201
AAYANSH BILALA - aayanshbilala8202@eduquest.com - Aayanshbilala8b@8202
ADWVAIT DADWANI - adwvaitdadwani8203@eduquest.com - Adwvaitdadwani8b@8203
ARYAN DAWANI - aryandawani8204@eduquest.com - Aryandawani8b@8204
DEVANSH RAJ MUNOTH - devanshrajmunoth8205@eduquest.com - Devanshrajmunoth8b@8205
HARSHITA BHAL - harshitabhal8206@eduquest.com - Harshitabhal8b@8206
IVAN MODI - ivanmodi8207@eduquest.com - Ivanmodi8b@8207
KAVISH KUMATH - kavishkumath8208@eduquest.com - Kavishkumath8b@8208
LAKSHYA CHAVAN - lakshyachavan8209@eduquest.com - Lakshyachavan8b@8209
NEHAL PATIDAR - nehalpatidar8210@eduquest.com - Nehalpatidar8b@8210
NISHITA SINGH SINGH - nishitasinghsingh8211@eduquest.com - Nishitasinghsingh8b@8211
OJAS GUPTA - ojasgupta8212@eduquest.com - Ojasgupta8b@8212
SAMAIRA BANTHIA - samairabanthia8213@eduquest.com - Samairabanthia8b@8213
SAUMYA KAPOOR - saumyakapoor8214@eduquest.com - Saumyakapoor8b@8214
SUSHUMNA GOPISETTY - sushumnagopisetty8215@eduquest.com - Sushumnagopisetty8b@8215
YUGANSHI CHOUDHARY - yuganshichoudhary8216@eduquest.com - Yuganshichoudhary8b@8216
AARAV KAUSHAL - aaravkaushal8301@eduquest.com - Aaravkaushal8c@8301
ANANT MANTRI - anantmantri8302@eduquest.com - Anantmantri8c@8302
ANJALI JULIET FAZLI - anjalijulietfazli8303@eduquest.com - Anjalijulietfazli8c@8303
ANVI PANDEY - anvipandey8304@eduquest.com - Anvipandey8c@8304
BHAUTIK JAIN - bhautikjain8305@eduquest.com - Bhautikjain8c@8305
CHIRAYU SARDA - chirayusarda8306@eduquest.com - Chirayusarda8c@8306
DARSH LADHA - darshladha8307@eduquest.com - Darshladha8c@8307
HARNOOR KAUR KHANUJA - harnoorkaurkhanuja8308@eduquest.com - Harnoorkaurkhanuja8c@8308
ISHIKA NEMANI - ishikanemani8309@eduquest.com - Ishikanemani8c@8309
KANHA THAKUR - kanhathakur8310@eduquest.com - Kanhathakur8c@8310
KRISHNA PHULWANI - krishnaphulwani8311@eduquest.com - Krishnaphulwani8c@8311
MANSA CHANDEL - mansachandel8312@eduquest.com - Mansachandel8c@8312
MISHQA DALEY - mishqadaley8313@eduquest.com - Mishqadaley8c@8313
PAARTH VYAS - paarthvyas8314@eduquest.com - Paarthvyas8c@8314
PRANYA JAISWAL - pranyajaiswal8315@eduquest.com - Pranyajaiswal8c@8315
REYANSH NEEMA - reyanshneema8316@eduquest.com - Reyanshneema8c@8316
RIDHIMA MUNDRA - ridhimamundra8317@eduquest.com - Ridhimamundra8c@8317
SAKSHAM CHAUDHARY - sakshamchaudhary8318@eduquest.com - Sakshamchaudhary8c@8318
SAMIKSHA PAL - samikshapal8319@eduquest.com - Samikshapal8c@8319
SAMRIDHI JAJU - samridhijaju8320@eduquest.com - Samridhijaju8c@8320
SARAYU DUBEY - sarayudubey8321@eduquest.com - Sarayudubey8c@8321
SHASHANK SINGH TOMAR - shashanksinghtomar8322@eduquest.com - Shashanksinghtomar8c@8322
SRISHTI PAWALE - srishtipawale8323@eduquest.com - Srishtipawale8c@8323
VIRAJ SHRIVASTAVA - virajshrivastava8324@eduquest.com - Virajshrivastava8c@8324
YASHITA PRASHANT KANHOLIKAR - yashitaprashantkanholikar8325@eduquest.com - Yashitaprashantkanholikar8c@8325
AAROHEE MANE - aaroheemane8401@eduquest.com - Aaroheemane8d@8401
AMAM KHAJANCHI - amamkhajanchi8402@eduquest.com - Amamkhajanchi8d@8402
ANAYA KHANNA - anayakhanna8403@eduquest.com - Anayakhanna8d@8403
ANJANAY SINGH BHADORIA - anjanaysinghbhadoria8404@eduquest.com - Anjanaysinghbhadoria8d@8404
AVIKA JHA - avikajha8405@eduquest.com - Avikajha8d@8405
AVNISH KOTHANA - avnishkothana8406@eduquest.com - Avnishkothana8d@8406
DEWANSH PRATAP SINGH RATHORE - dewanshpratapsinghrathore8407@eduquest.com - Dewanshpratapsinghrathore8d@8407
DIVENA PACHOURI - divenapachouri8408@eduquest.com - Divenapachouri8d@8408
DIVYAKSHI DHAKAD - divyakshidhakad8409@eduquest.com - Divyakshidhakad8d@8409
HRIDHAAN SARRAF - hridhaansarraf8410@eduquest.com - Hridhaansarraf8d@8410
IRA CHANDRAYAN - irachandrayan8411@eduquest.com - Irachandrayan8d@8411
ISHAAN DHANUKA - ishaandhanuka8412@eduquest.com - Ishaandhanuka8d@8412
PARTH CHOUKSE - parthchoukse8413@eduquest.com - Parthchoukse8d@8413
PRABHAV SAHU - prabhavsahu8414@eduquest.com - Prabhavsahu8d@8414
PRADUMAN THAKUR - pradumanthakur8415@eduquest.com - Pradumanthakur8d@8415
PRATYUSH BOHRA - pratyushbohra8416@eduquest.com - Pratyushbohra8d@8416
RIDDHI JAIN - riddhijain8417@eduquest.com - Riddhijain8d@8417
SHAURADITHYA AGRAWAL - shauradithyaagrawal8418@eduquest.com - Shauradithyaagrawal8d@8418
SHIVDARSHAN CHHABRA - shivdarshanchhabra8419@eduquest.com - Shivdarshanchhabra8d@8419
TANISHA THARANI - tanishatharani8420@eduquest.com - Tanishatharani8d@8420
VEERANGANA SINGH - veeranganasingh8421@eduquest.com - Veeranganasingh8d@8421
VIDUSHI BHATT - vidushibhatt8422@eduquest.com - Vidushibhatt8d@8422
VIHAAN NADGONDE - vihaannadgonde8423@eduquest.com - Vihaannadgonde8d@8423
YATHARTH JAILWAL - yatharthjailwal8424@eduquest.com - Yatharthjailwal8d@8424
AARAV AGRAWAL - aaravagrawal9101@eduquest.com - Aaravagrawal9a@9101
AARAV BARBETA - aaravbarbeta9102@eduquest.com - Aaravbarbeta9a@9102
AARAV GADKARI - aaravgadkari9103@eduquest.com - Aaravgadkari9a@9103
AARAV SINGH TOMAR - aaravsinghtomar9104@eduquest.com - Aaravsinghtomar9a@9104
AARNA KANODIA - aarnakanodia9105@eduquest.com - Aarnakanodia9a@9105
ADITI SINGH JADON - aditisinghjadon9106@eduquest.com - Aditisinghjadon9a@9106
ALI ASGAR KANWASWALA - aliasgarkanwaswala9107@eduquest.com - Aliasgarkanwaswala9a@9107
ANANTVEER JAIN - anantveerjain9108@eduquest.com - Anantveerjain9a@9108
ANAY DWIVEDI - anaydwivedi9109@eduquest.com - Anaydwivedi9a@9109
ANUBHUTI SETHIYA - anubhutisethiya9110@eduquest.com - Anubhutisethiya9a@9110
ARNIK SHRIMAL - arnikshrimal9111@eduquest.com - Arnikshrimal9a@9111
AVADHI JAIN - avadhijain9112@eduquest.com - Avadhijain9a@9112
AVIKA TIWARI - avikatiwari9113@eduquest.com - Avikatiwari9a@9113
AYAANSH RAGHUWANSHI - ayaanshraghuwanshi9114@eduquest.com - Ayaanshraghuwanshi9a@9114
CHINMAY SURANA - chinmaysurana9115@eduquest.com - Chinmaysurana9a@9115
GOURANSH BANGAR - gouranshbangar9116@eduquest.com - Gouranshbangar9a@9116
JAYESH TIWARI - jayeshtiwari9117@eduquest.com - Jayeshtiwari9a@9117
KESHAV SHARMA - keshavsharma9118@eduquest.com - Keshavsharma9a@9118
KHUSH BARASKAR - khushbaraskar9119@eduquest.com - Khushbaraskar9a@9119
LAKSH SIPANY - lakshsipany9120@eduquest.com - Lakshsipany9a@9120
MANYA SHRIMAL - manyashrimal9121@eduquest.com - Manyashrimal9a@9121
MIHIKA GONTIYA - mihikagontiya9122@eduquest.com - Mihikagontiya9a@9122
NAITIK KALE - naitikkale9123@eduquest.com - Naitikkale9a@9123
PRISHAIL JAIN - prishailjain9124@eduquest.com - Prishailjain9a@9124
ROCHAK PATEL - rochakpatel9125@eduquest.com - Rochakpatel9a@9125
SAKSHI TULAPURKAR - sakshitulapurkar9126@eduquest.com - Sakshitulapurkar9a@9126
SHUBH ARORA - shubharora9127@eduquest.com - Shubharora9a@9127
SPARSH KOTHARI - sparshkothari9128@eduquest.com - Sparshkothari9a@9128
SUHANI SAWLANI - suhanisawlani9129@eduquest.com - Suhanisawlani9a@9129
VARTIKA SONI - vartikasoni9130@eduquest.com - Vartikasoni9a@9130
YANA JAIN - yanajain9131@eduquest.com - Yanajain9a@9131
AADHYA RATHI - aadhyarathi9201@eduquest.com - Aadhyarathi9b@9201
AARAMYA SISODIYA - aaramyasisodiya9202@eduquest.com - Aaramyasisodiya9b@9202
AASHNI SHAH - aashnishah9203@eduquest.com - Aashnishah9b@9203
AKSHITA RATHORE - akshitarathore9204@eduquest.com - Akshitarathore9b@9204
ANANYA YADAV - ananyayadav9205@eduquest.com - Ananyayadav9b@9205
ANAY KUSUMAKAR - anaykusumakar9206@eduquest.com - Anaykusumakar9b@9206
ANVI SHUKLA - anvishukla9207@eduquest.com - Anvishukla9b@9207
ARNESH AGRAWAL - arneshagrawal9208@eduquest.com - Arneshagrawal9b@9208
ARSHIA JAIN - arshiajain9209@eduquest.com - Arshiajain9b@9209
DEV KHATRI - devkhatri9210@eduquest.com - Devkhatri9b@9210
DEV PATEL - devpatel9211@eduquest.com - Devpatel9b@9211
HARSHIKA SUYAL - harshikasuyal9212@eduquest.com - Harshikasuyal9b@9212
HITARTH SINGH CHANDRAWAT - hitarthsinghchandrawat9213@eduquest.com - Hitarthsinghchandrawat9b@9213
ISHITVA SINGHAI - ishitvasinghai9214@eduquest.com - Ishitvasinghai9b@9214
KARTIK KHANDELWAL - kartikkhandelwal9215@eduquest.com - Kartikkhandelwal9b@9215
KOUSTUBH DHOOT - koustubhdhoot9216@eduquest.com - Koustubhdhoot9b@9216
LAMHA AGRAWAL - lamhaagrawal9217@eduquest.com - Lamhaagrawal9b@9217
NITYA AGRAWAL - nityaagrawal9218@eduquest.com - Nityaagrawal9b@9218
RUDRANSH GOYAL - rudranshgoyal9219@eduquest.com - Rudranshgoyal9b@9219
SAANIDHYA AGRAWAL - saanidhyaagrawal9220@eduquest.com - Saanidhyaagrawal9b@9220
SAANVI TONGIA - saanvitongia9221@eduquest.com - Saanvitongia9b@9221
SAHAJ TIWARI - sahajtiwari9222@eduquest.com - Sahajtiwari9b@9222
SIDDHANT MISHRA - siddhantmishra9223@eduquest.com - Siddhantmishra9b@9223
SUSHRUT PAREEK PAREEK - sushrutpareekpareek9224@eduquest.com - Sushrutpareekpareek9b@9224
ZIYAD PATEL - ziyadpatel9225@eduquest.com - Ziyadpatel9b@9225
AARAV MEHRA - aaravmehra9301@eduquest.com - Aaravmehra9c@9301
AARAV MITTAL - aaravmittal9302@eduquest.com - Aaravmittal9c@9302
ABHITI SHARMA - abhitisharma9303@eduquest.com - Abhitisharma9c@9303
AKSH AGRAWAL - akshagrawal9304@eduquest.com - Akshagrawal9c@9304
ANJANI GUPTA - anjanigupta9305@eduquest.com - Anjanigupta9c@9305
APEKSHA PATHAK - apekshapathak9306@eduquest.com - Apekshapathak9c@9306
ARYA GADIA - aryagadia9307@eduquest.com - Aryagadia9c@9307
ATHARV SINGH KUSHWAH - atharvsinghkushwah9308@eduquest.com - Atharvsinghkushwah9c@9308
BHAVYA DEVNANI - bhavyadevnani9309@eduquest.com - Bhavyadevnani9c@9309
GARVIT WANKHEDE - garvitwankhede9310@eduquest.com - Garvitwankhede9c@9310
HARMISH NEGI - harmishnegi9311@eduquest.com - Harmishnegi9c@9311
HEER SHAH - heershah9312@eduquest.com - Heershah9c@9312
ISHAAN YADAV - ishaanyadav9313@eduquest.com - Ishaanyadav9c@9313
KANIKA MALVIYA - kanikamalviya9314@eduquest.com - Kanikamalviya9c@9314
KIRTI SARAOGI - kirtisaraogi9315@eduquest.com - Kirtisaraogi9c@9315
MISHTHI LADHA - mishthiladha9316@eduquest.com - Mishthiladha9c@9316
NIRMAY SIKARWAR - nirmaysikarwar9317@eduquest.com - Nirmaysikarwar9c@9317
PRANAMYA SHARMA - pranamyasharma9318@eduquest.com - Pranamyasharma9c@9318
PUNIT GUPTA - punitgupta9319@eduquest.com - Punitgupta9c@9319
RUDDRAM PORWAL - ruddramporwal9320@eduquest.com - Ruddramporwal9c@9320
SACHISH TAPADIYA TAPADIYA - sachishtapadiyatapadiya9321@eduquest.com - Sachishtapadiyatapadiya9c@9321
SAIAANSH CHOPRA - saiaanshchopra9322@eduquest.com - Saiaanshchopra9c@9322
SAMYAK JAIN - samyakjain9323@eduquest.com - Samyakjain9c@9323
SHANTANU GUPTA - shantanugupta9324@eduquest.com - Shantanugupta9c@9324
SOMYA AGRAWAL - somyaagrawal9325@eduquest.com - Somyaagrawal9c@9325
SPARSH GARG - sparshgarg9326@eduquest.com - Sparshgarg9c@9326
VANYA AGRAWAL - vanyaagrawal9327@eduquest.com - Vanyaagrawal9c@9327
AARAV CHOWDHARY - aaravchowdhary9401@eduquest.com - Aaravchowdhary9d@9401
AARAV ROY ROY - aaravroyroy9402@eduquest.com - Aaravroyroy9d@9402
AARUSHI CHOUDHARY - aarushichoudhary9403@eduquest.com - Aarushichoudhary9d@9403
ABEER GOYAL - abeergoyal9404@eduquest.com - Abeergoyal9d@9404
AHAN PANWAR - ahanpanwar9405@eduquest.com - Ahanpanwar9d@9405
ARNAV NEEMA - arnavneema9406@eduquest.com - Arnavneema9d@9406
ARSH KAPOOR - arshkapoor9407@eduquest.com - Arshkapoor9d@9407
DAKSH KABRA - dakshkabra9408@eduquest.com - Dakshkabra9d@9408
ILINA SANKPAL - ilinasankpal9409@eduquest.com - Ilinasankpal9d@9409
ISHAAN PALRECHA - ishaanpalrecha9410@eduquest.com - Ishaanpalrecha9d@9410
MANAVJEET SINGH GILL - manavjeetsinghgill9411@eduquest.com - Manavjeetsinghgill9d@9411
MEHIR PACHOURI - mehirpachouri9412@eduquest.com - Mehirpachouri9d@9412
PRASHASVI GUPTA - prashasvigupta9413@eduquest.com - Prashasvigupta9d@9413
RITIKA AGRAWAL - ritikaagrawal9414@eduquest.com - Ritikaagrawal9d@9414
RUDRA SONI - rudrasoni9415@eduquest.com - Rudrasoni9d@9415
SAMRIDDHI JAIN - samriddhijain9416@eduquest.com - Samriddhijain9d@9416
SURYANSH JAIN - suryanshjain9417@eduquest.com - Suryanshjain9d@9417
VAIBHAVI KABRA - vaibhavikabra9418@eduquest.com - Vaibhavikabra9d@9418
VAISHNAVI KARNAVAR - vaishnavikarnavar9419@eduquest.com - Vaishnavikarnavar9d@9419
VIHAAN MITTAL - vihaanmittal9420@eduquest.com - Vihaanmittal9d@9420
YATHARTH BAJAJ - yatharthbajaj9421@eduquest.com - Yatharthbajaj9d@9421
AANYA JAIN - aanyajain9001@eduquest.com - Aanyajain9e@9001
AARAV MAHAJAN - aaravmahajan9002@eduquest.com - Aaravmahajan9e@9002
ABDE ALI DATAR - abdealidatar9003@eduquest.com - Abdealidatar9e@9003
ADITRI KASHYAP KASHYAP - aditrikashyapkashyap9004@eduquest.com - Aditrikashyapkashyap9e@9004
AHAAN NAIR - ahaannair9005@eduquest.com - Ahaannair9e@9005
ANAYA MANSURI - anayamansuri9006@eduquest.com - Anayamansuri9e@9006
AVANI VISHVAKARMA - avanivishvakarma9007@eduquest.com - Avanivishvakarma9e@9007
AYUSH SINGH YADAV - ayushsinghyadav9008@eduquest.com - Ayushsinghyadav9e@9008
DAIWIK MAHAJAN - daiwikmahajan9009@eduquest.com - Daiwikmahajan9e@9009
DEYAAN CHOPRA - deyaanchopra9010@eduquest.com - Deyaanchopra9e@9010
DHANISH BHATIA - dhanishbhatia9011@eduquest.com - Dhanishbhatia9e@9011
GULISHA JAIN - gulishajain9012@eduquest.com - Gulishajain9e@9012
GURNOOR BAGGA - gurnoorbagga9013@eduquest.com - Gurnoorbagga9e@9013
HRIDHAAN BHANDARI - hridhaanbhandari9014@eduquest.com - Hridhaanbhandari9e@9014
IVAN DHARIWAL - ivandhariwal9015@eduquest.com - Ivandhariwal9e@9015
MAHAK UJALE - mahakujale9016@eduquest.com - Mahakujale9e@9016
PRATYUSHA SINGH PANWAR - pratyushasinghpanwar9017@eduquest.com - Pratyushasinghpanwar9e@9017
PRISHA SANCHETI - prishasancheti9018@eduquest.com - Prishasancheti9e@9018
RUDRA VERMA - rudraverma9019@eduquest.com - Rudraverma9e@9019
SAARTH JAIN - saarthjain9020@eduquest.com - Saarthjain9e@9020
SAMBHAV JAIN - sambhavjain9021@eduquest.com - Sambhavjain9e@9021
SWASTI NEEMA - swastineema9022@eduquest.com - Swastineema9e@9022
VEDANSH BAGLA - vedanshbagla9023@eduquest.com - Vedanshbagla9e@9023